G56_FL3354_MO1:Status.Power,L3_1m_1y;90
G56_FL3354_MO1:Status.Torque,L3_1m_1y;90
G56_FL3354_MO1:Status.ActSpeed,L3_1m_1y;90
G56_FL3354_MO1:Status.SP_Out,L3_1m_1y;90
G56_FL3355_MO1:Status.Power,L3_1m_1y;90
G56_FL3355_MO1:Status.Torque,L3_1m_1y;90
G56_FL3355_MO1:Status.ActSpeed,L3_1m_1y;90
G56_FL3355_MO1:Status.SP_Out,L3_1m_1y;90
G56_FL3353_MO1:Status.Power,L3_1m_1y;90
G56_FL3353_MO1:Status.Torque,L3_1m_1y;90
G56_FL3353_MO1:Status.ActSpeed,L3_1m_1y;90
G56_FL3353_MO1:Status.SP_Out,L3_1m_1y;90
G56_FL3352_MO1:Status.Power,L3_1m_1y;90
G56_FL3352_MO1:Status.Torque,L3_1m_1y;90
G56_FL3352_MO1:Status.ActSpeed,L3_1m_1y;90
G56_FL3352_MO1:Status.SP_Out,L3_1m_1y;90
G56_FL3351_MO1:Status.Power,L3_1m_1y;90
G56_FL3351_MO1:Status.Torque,L3_1m_1y;90
G56_FL3351_MO1:Status.ActSpeed,L3_1m_1y;90
G56_FL3351_MO1:Status.SP_Out,L3_1m_1y;90
G56_FL3350_MO1:Status.Power,L3_1m_1y;90
G56_FL3350_MO1:Status.Torque,L3_1m_1y;90
G56_FL3350_MO1:Status.ActSpeed,L3_1m_1y;90
G56_FL3350_MO1:Status.SP_Out,L3_1m_1y;90
G56_FL3350_TT1:HSI.Value,L3_1m_1y;90
G56_FL3352_TT1:HSI.Value,L3_1m_1y;90
G56_FL3354_TT1:HSI.Value,L3_1m_1y;90
G56_KV3320_T1_Max:HSI.Value,L3_1m_1y;90
G56_KV3320_T2_Max:HSI.Value,L3_1m_1y;90
G56_KV3320_T3_Max:HSI.Value,L3_1m_1y;90
G56_ST3318_FC1:HSI.MV,L3_1m_1y;90
G56_ST3318_FC1:HSI.POut,L3_1m_1y;90
G56_ST3318_FC1:HSI.WSP,L3_1m_1y;90
G56_ST3318_FV11:HSI.Value,L3_1m_1y;90
G56_ST3318_FV12:HSI.Value,L3_1m_1y;90
G56_ST3318_FV13:HSI.Value,L3_1m_1y;90
G56_ST3318_FV14:HSI.Value,L3_1m_1y;90
G56_ST3318_FX1:HSI.Value,L3_1m_1y;90
G56_ST3318_FX2:HSI.Value,L3_1m_1y;90
G56_ST3318_RC1:Out,L3_1m_1y;90
G56_ST3318_RC1:I1,L3_1m_1y;90
G56_ST3318_RC1:I2,L3_1m_1y;90
G56_ST3318_RC1:P.P1,L3_1m_1y;90
G56_ST3318_RC1_Diff:HSI.Value,L3_1m_1y;90
G56_ST3400_FC1:HSI.MV,L3_1m_1y;90
G56_ST3400_FC1:HSI.POut,L3_1m_1y;90
G56_ST3400_FC1:HSI.WSP,L3_1m_1y;90
G56_ST3400_FC2:HSI.MV,L3_1m_1y;90
G56_ST3400_FC2:HSI.POut,L3_1m_1y;90
G56_ST3400_FC2:HSI.WSP,L3_1m_1y;90
G56_ST3400_FT2:HSI.Value,L3_1m_1y;90
G56_ST3318_FC2:HSI.MV,L3_1m_1y;90
G56_ST3318_FC2:HSI.POut,L3_1m_1y;90
G56_PU4669_FT1:HSI.Value,L3_1m_1y;90
G56_BT3470_WC2:HSI.MV,L3_1m_1y;90
G56_BT3470_WC2:HSI.WSP,L3_1m_1y;90
G56_BT3470_WC2:HSI.POut,L3_1m_1y;90
G56_KV3320_WQ1_PAR1:I1,L3_1m_1y;90
G56_KV3320_WQ1_PAR1:P.P1,L3_1m_1y;90
G56_KV3320_WQ11:APresentDay,L3_1m_1y;90
G56_KV3320_WQ11:APresentHour,L3_1m_1y;90
G56_KV3320_WQ11:SPPresentDay,L3_1m_1y;90
G56_KV3320_WQ11:SPPresentHour,L3_1m_1y;90
G56_KV3320_WQ11:DiffPresentDay,L3_1m_1y;90
G56_KV3320_WQ11:DiffPresentHour,L3_1m_1y;90
G56_KV3320_WC2:HSI.MV,L3_1m_1y;90
G56_KV3320_WC2:HSI.WSP,L3_1m_1y;90
G56_KV3320_WC2:HSI.POut,L3_1m_1y;90
G56_KV3320_WC2:ExtCtrl.Gain,L3_1m_1y;90
G56_KV3320_WC1:HSI.MV,L3_1m_1y;90
G56_KV3320_WC1:HSI.WSP,L3_1m_1y;90
G56_KV3320_WC1:HSI.POut,L3_1m_1y;90
G56_KV3320_WC1:ExtCtrl.Gain,L2_1m_1y;90
G56_KV3320_WC1:ExtCtrl.TI,L2_1m_1y;90
G56_KV3320_AX11:HSI.Value,L3_1m_1y;90
G56_KV3320_AX12:HSI.Value,L3_1m_1y;90
G56_KV3320_AX1:HSI.Value,L3_1m_1y;90
G56_KV3320_SQ1:I1,L3_1m_1y;90
G56_KV3320_SQ1:I2,L3_1m_1y;90
G56_KV3320_MC1:HSI.MV,L3_1m_1y;90
G56_KV3320_MC1:HSI.WSP,L3_1m_1y;90
G56_KV3320_MC1:HSI.POut,L3_1m_1y;90
G56_KV3320_MC1:ExtCtrl.Gain,L3_1m_1y;90
G56_KV3320_MC1:ExtParOut.SPH,L3_1m_1y;90
G56_KV3320_MC1:ExtCtrl.TI,L3_1m_1y;90
G56_KV3320_MX1:HSI.Value,L3_1m_1y;90
G56_KV3320_MX2:HSI.Value,L3_1m_1y;90
G56_KV3320_JX1:HSI.Value,L3_1m_1y;90
G56_KV3320_JX1_MAX:HSI.Value,L3_1m_1y;90
G56_KV3320_SC1:HSI.MV,L3_1m_1y;90
G56_KV3320_SC1:HSI.POut,L3_1m_1y;90
G56_KV3320_SC1_EST:HSI.Value,L3_1m_1y;90
G56_BT3316_WC1_EST:HSI.Value,L3_1m_1y;90
G56_KV3320_WC1_EST:HSI.Value,L3_1m_1y;90
G56_KV3320_MC1_EST:HSI.Value,L3_1m_1y;90
G56_KV3320_SC1_OHL:HSI.MV,L3_1m_1y;90
G56_KV3320_SC1_OHL:HSI.Value,L3_1m_1y;90
G56_KV3320_RUN:HSI.Value,L3_1m_1y;90
G56_KV3320_RUN:HSI.MV,L3_1m_1y;90
G56_KV3320_SX1:HSI.Value,L3_1m_1y;90
G56_KV3320_MC2:HSI.MV,L3_1m_1y;90
G56_KV3320_MC2:HSI.POut,L3_1m_1y;90
G56_KV3320_MC2:HSI.WSP,L3_1m_1y;90
G56_KV3320_MC2_EOHL:HSI.MV,L3_1m_1y;90
G56_KV3320_SC1_EOHL:HSI.Value,L3_1m_1y;90
G56_KV3320_JQ1_SP:CurrentValue,L3_1m_1y;90
G56_PU3451_JC1:HSI.MV,L3_1m_1y;90
G56_PU3451_JC1:HSI.POut,L3_1m_1y;90
G56_PU3451_JC1:HSI.WSP,L3_1m_1y;90
G56_PU3451_JC1:HSI.POut,L1_1s_4d;90
G56_FD3450_FC1:HSI.MV,L3_1m_1y;90
G56_FD3450_FC1:HSI.POut,L3_1m_1y;90
G56_FD3450_FC1:HSI.WSP,L3_1m_1y;90
G56_FD3450_FC1_MINF:HSI.Value,L3_1m_1y;90
G56_FD3450_LS1:Value,L3_1m_1y;90
G56_FD3450_XV1:ZSO.Value,L3_1m_1y;90
G56_FD3450_XV2:ZSO.Value,L3_1m_1y;90
G56_PU3451_FT3:HSI.Value,L3_1m_1y;90
G56_PU3451:Status.Power,L3_1m_1y;90
G56_PU3451:Status.Torque,L3_1m_1y;90
G56_PU3451:Status.ActSpeed,L3_1m_1y;90
G56_PU3451:Status.SP_Out,L3_1m_1y;90
G56_PU3451:Status.ActSpeed,L1_1s_4d;90
G56_PU3451:Status.Power,L1_1s_4d;90
G56_PU3451:Status.SP_Out,L1_1s_4d;90
G56_PU3451_MO1_TT1:HSI.Value,L3_1m_1y;90
G56_PU3451_MO1_TT11:HSI.Value,L3_1m_1y;90
G56_PU3451_MO1_TT12:HSI.Value,L3_1m_1y;90
G56_PU3451_MO1_TT2:HSI.Value,L3_1m_1y;90
G56_PU3451_MO1_TT3:HSI.Value,L3_1m_1y;90
G56_PU3451_ChangedET:HSI.Value,L3_1m_1y;90
G56_PU3451_LC1:HSI.MV,L3_1m_1y;90
G56_PU3451_LC1:HSI.POut,L3_1m_1y;90
G56_PU3451_LC1:HSI.WSP,L3_1m_1y;90
G56_PU3451_LC1:HSI.MV,L1_1s_4d;90
G56_PU3451_LC1:HSI.POut,L1_1s_4d;90
G56_PU3451_LC1:HSI.Value,L3_1m_1y;90
G56_PU3451_XV11_ZT1:HSI.Value,L3_1m_1y;90
G56_PU3451_XV12_ZT1:HSI.Value,L3_1m_1y;90
G56_PU3452_FT3:HSI.Value,L3_1m_1y;90
G56_PU3452:Status.Power,L3_1m_1y;90
G56_PU3452:Status.Torque,L3_1m_1y;90
G56_PU3452:Status.ActSpeed,L3_1m_1y;90
G56_PU3452:Status.SP_Out,L3_1m_1y;90
G56_PU3452:Status.Power,L1_1s_4d;90
G56_PU3452:Status.ActSpeed,L1_1s_4d;90
G56_PU3452:Status.SP_Out,L1_1s_4d;90
G56_PU3452_MO1_TT1:HSI.Value,L3_1m_1y;90
G56_PU3452_MO1_TT11:HSI.Value,L3_1m_1y;90
G56_PU3452_MO1_TT12:HSI.Value,L3_1m_1y;90
G56_PU3452_MO1_TT2:HSI.Value,L3_1m_1y;90
G56_PU3452_MO1_TT3:HSI.Value,L3_1m_1y;90
G56_PU3452_LC1:HSI.MV,L3_1m_1y;90
G56_PU3452_LC1:HSI.POut,L3_1m_1y;90
G56_PU3452_LC1:HSI.WSP,L3_1m_1y;90
G56_PU3452_LC1:HSI.MV,L1_1s_4d;90
G56_PU3452_LC1:HSI.POut,L1_1s_4d;90
G56_PU3452_LC1:HSI.Value,L3_1m_1y;90
G56_PU3452_XV11_ZT1:HSI.Value,L3_1m_1y;90
G56_PU3452_XV12_ZT1:HSI.Value,L3_1m_1y;90
G56_PU3452_JC1:HSI.MV,L3_1m_1y;90
G56_PU3452_JC1:HSI.POut,L3_1m_1y;90
G56_PU3452_JC1:HSI.WSP,L3_1m_1y;90
G56_PU3452_JC1:HSI.POut,L1_1s_4d;90
G56_KVL2_JX1:HSI.Value,L3_1m_1y;90
G56_PU3451_LC1_EOLL:HSI.Value,L3_1m_1y;90
G56_FD3460_FC1:HSI.MV,L3_1m_1y;90
G56_FD3460_FC1:HSI.POut,L3_1m_1y;90
G56_FD3460_FC1:HSI.WSP,L3_1m_1y;90
G56_FD3460_RC1_Diff:HSI.Value,L3_1m_1y;90
G56_FD3460_RC1_LaxTest:HSI.Value,L3_1m_1y;90
G56_FD3460_XV1_ZT1:HSI.Value,L3_1m_1y;90
G56_FD3460_XV2_ZT1:HSI.Value,L3_1m_1y;90
G56_FD3460_XV3_ZT1:HSI.Value,L3_1m_1y;90
G56_FD3460_XV4_ZT1:HSI.Value,L3_1m_1y;90
G56_FD3460_ZX1:HSI.Value,L3_1m_1y;90
G56_CL3461_JX1:HSI.Value,L3_1m_1y;90
G56_CL3461:Status.Power,L3_1m_1y;90
G56_CL3461:IO.Data.PowerFactorCosPhi,L3_1m_1y;90
G56_CL3461:IO.Data.ThermalImage,L3_1m_1y;90
G56_CL3461_FC2:HSI.MV,L3_1m_1y;90
G56_CL3461_FC2:HSI.POut,L3_1m_1y;90
G56_CL3461_FC2:HSI.WSP,L3_1m_1y;90
G56_CL3461_FT2:HSI.Value,L3_1m_1y;90
G56_CL3461_FT1:HSI.Value,L3_1m_1y;90
G56_CL3461_ZX1:HSI.Value,L3_1m_1y;90
G56_CL3462_JX1:HSI.Value,L3_1m_1y;90
G56_CL3462:Status.Power,L3_1m_1y;90
G56_CL3462:IO.Data.PowerFactorCosPhi,L3_1m_1y;90
G56_CL3462:IO.Data.ThermalImage,L3_1m_1y;90
G56_CL3463_JX1:HSI.Value,L3_1m_1y;90
G56_CL3463:Status.Power,L3_1m_1y;90
G56_CL3463:IO.Data.PowerFactorCosPhi,L3_1m_1y;90
G56_CL3463:IO.Data.ThermalImage,L3_1m_1y;90
G56_CL3464_JX1:HSI.Value,L3_1m_1y;90
G56_CL3464:Status.Power,L3_1m_1y;90
G56_CL3464:IO.Data.PowerFactorCosPhi,L3_1m_1y;90
G56_CL3464:IO.Data.ThermalImage,L3_1m_1y;90
G56_PU3466:Status.Power,L3_1m_1y;90
G56_PU3466:IO.Data.PowerFactorCosPhi,L3_1m_1y;90
G56_PU3466:IO.Data.ThermalImage,L3_1m_1y;90
G56_BT3474_WX2:HSI.Value,L3_1m_1y;90
G56_BT3476_WX1:HSI.Value,L3_1m_1y;90
G56_BT3470:Status.Power,L3_1m_1y;90
G56_BT3470:Status.Torque,L3_1m_1y;90
G56_BT3470:Status.ActSpeed,L3_1m_1y;90
G56_BT3470:Status.SP_Out,L3_1m_1y;90
G56_BT3470_WT1:HSI.Value,L3_1m_1y;90
G56_BT3470_WX1:HSI.Value,L3_1m_1y;90
G56_BT3470_WX2:HSI.Value,L3_1m_1y;90
G56_BT3470_WX3:HSI.Value,L3_1m_1y;90
G56_ST3472_LS1:Value,L3_1m_1y;90
G56_ST3472_XV1:IPosA,L3_1m_1y;90
G56_ST3472_XV1:IPosB,L3_1m_1y;90
G56_BT3474:Status.Power,L3_1m_1y;90
G56_BT3474:Status.Torque,L3_1m_1y;90
G56_BT3474:Status.ActSpeed,L3_1m_1y;90
G56_BT3474:Status.SP_Out,L3_1m_1y;90
G56_BT3474_FT1:HSI.Value,L3_1m_1y;90
G56_ST3475_LS1:Value,L3_1m_1y;90
G56_ST3475_XV1:IPosA,L3_1m_1y;90
G56_ST3475_XV1:IPosB,L3_1m_1y;90
G56_BT3476:Status.Power,L3_1m_1y;90
G56_BT3476:Status.Torque,L3_1m_1y;90
G56_BT3476:Status.ActSpeed,L3_1m_1y;90
G56_BT3476:Status.SP_Out,L3_1m_1y;90
G56_BT3478:Status.Power,L3_1m_1y;90
G56_BT3478:Status.Torque,L3_1m_1y;90
G56_BT3478:Status.ActSpeed,L3_1m_1y;90
G56_BT3478:Status.SP_Out,L3_1m_1y;90
G56_BT3478_XV1:C.Value,L3_1m_1y;90
G56_BT3478_XV1:O.Value,L3_1m_1y;90
G56_BT3478_XV1:ZSO.Value,L3_1m_1y;90
G56_BT3478_XV1:ZSC.Value,L3_1m_1y;90
G56_BT3480:Status.Power,L3_1m_1y;90
G56_BT3480:Status.Torque,L3_1m_1y;90
G56_BT3480:Status.ActSpeed,L3_1m_1y;90
G56_BT3480:Status.SP_Out,L3_1m_1y;90
G56_BT3470_VAL1:AdrAktivOut,L3_1m_1y;90
G56_BT3474_WX1:HSI.Value,L3_1m_1y;90
G56_BT3478_WX1:HSI.Value,L3_1m_1y;90
G56_PU3448:Status.Power,L3_1m_1y;90
G56_PU3448:IO.Data.PowerFactorCosPhi,L3_1m_1y;90
G56_PU3448:IO.Data.ThermalImage,L3_1m_1y;90
G56_PU3449:Status.Power,L3_1m_1y;90
G56_PU3449:IO.Data.PowerFactorCosPhi,L3_1m_1y;90
G56_PU3449:IO.Data.ThermalImage,L3_1m_1y;90
G56_PU3401:Status.Power,L3_1m_1y;90
G56_PU3401:IO.Data.ThermalImage,L3_1m_1y;90
G56_MA3302_PAR1:I1,L3_1m_1y;90
G56_BT3316_DX1:HSI.Value,L3_1m_1y;90
G56_BT3316_WQ2:I1,L3_1m_1y;90
G56_BT3316_WQ2:I2,L3_1m_1y;90
G56_BT3316_WQ2_RUN:HSI.Value,L3_1m_1y;90
G56_BT3316_SX1:HSI.Value,L3_1m_1y;90
G56_BT3316_AS1_SLM1:HSI.Value,L3_1m_1y;90
G56_BT3316_AS1_KS1:HSI.Value,L3_1m_1y;90
G56_MA3302_TT2:HSI.Value,L3_1m_1y;90
G56_MA3302_VX1_TT1:HSI.Value,L3_1m_1y;90
G56_MA3302_TT1:HSI.Value,L3_1m_1y;90
G56_MA3302_SX1:HSI.Value,L3_1m_1y;90
G56_MA3302:Status.Power,L3_1m_1y;90
G56_MA3302:Status.Torque,L3_1m_1y;90
G56_MA3302:Status.ActSpeed,L3_1m_1y;90
G56_MA3302:Status.SP_Out,L3_1m_1y;90
G56_MA3304_TT2:HSI.Value,L3_1m_1y;90
G56_MA3304_VX1_TT1:HSI.Value,L3_1m_1y;90
G56_MA3304_TT1:HSI.Value,L3_1m_1y;90
G56_MA3304_SX1:HSI.Value,L3_1m_1y;90
G56_MA3304:Status.Power,L3_1m_1y;90
G56_MA3304:Status.Torque,L3_1m_1y;90
G56_MA3304:Status.ActSpeed,L3_1m_1y;90
G56_MA3304:Status.SP_Out,L3_1m_1y;90
G56_FL3305:Status.Power,L3_1m_1y;90
G56_FL3305:IO.Data.PowerFactorCosPhi,L3_1m_1y;90
G56_FL3305:IO.Data.ThermalImage,L3_1m_1y;90
G56_MA3306_TT2:HSI.Value,L3_1m_1y;90
G56_MA3306_VX1_TT1:HSI.Value,L3_1m_1y;90
G56_MA3306_SX1:HSI.Value,L3_1m_1y;90
G56_MA3306_TT1:HSI.Value,L3_1m_1y;90
G56_MA3306:Status.Power,L3_1m_1y;90
G56_MA3306:Status.Torque,L3_1m_1y;90
G56_MA3306:Status.ActSpeed,L3_1m_1y;90
G56_MA3306:Status.SP_Out,L3_1m_1y;90
G56_FI3307_PDT1:HSI.Value,L3_1m_1y;90
G56_MA3308_TT2:HSI.Value,L3_1m_1y;90
G56_MA3308_VX1_TT1:HSI.Value,L3_1m_1y;90
G56_MA3308_TT1:HSI.Value,L3_1m_1y;90
G56_MA3308_SX1:HSI.Value,L3_1m_1y;90
G56_MA3308:Status.Power,L3_1m_1y;90
G56_MA3308:Status.Torque,L3_1m_1y;90
G56_MA3308:Status.ActSpeed,L3_1m_1y;90
G56_MA3308:Status.SP_Out,L3_1m_1y;90
G56_MA3310_TT2:HSI.Value,L3_1m_1y;90
G56_MA3310_VX1_TT1:HSI.Value,L3_1m_1y;90
G56_MA3310_TT1:HSI.Value,L3_1m_1y;90
G56_MA3310_SX1:HSI.Value,L3_1m_1y;90
G56_MA3310:Status.Power,L3_1m_1y;90
G56_MA3310:Status.Torque,L3_1m_1y;90
G56_MA3310:Status.ActSpeed,L3_1m_1y;90
G56_MA3310:Status.SP_Out,L3_1m_1y;90
G56_FL3311:Status.Power,L3_1m_1y;90
G56_FL3311:IO.Data.PowerFactorCosPhi,L3_1m_1y;90
G56_FL3311:IO.Data.ThermalImage,L3_1m_1y;90
G56_FI3312_PDT1:HSI.Value,L3_1m_1y;90
G56_PU3315_PDT1:HSI.Value,L3_1m_1y;90
G56_PU3315:Status.Power,L3_1m_1y;90
G56_PU3315:IO.Data.PowerFactorCosPhi,L3_1m_1y;90
G56_PU3315:IO.Data.ThermalImage,L3_1m_1y;90
G56_BT3316_MO1_TT1:HSI.Value,L3_1m_1y;90
G56_BT3316_MO1_TT1:Status.Power,L3_1m_1y;90
G56_BT3316_MO1_TT1:Status.Torque,L3_1m_1y;90
G56_BT3316_MO1_TT1:Status.ActSpeed,L3_1m_1y;90
G56_BT3316_MO1_TT1:Status.SP_Out,L3_1m_1y;90
G56_BT3316_MO1_TT11:HSI.Value,L3_1m_1y;90
G56_BT3316_MO1_TT12:HSI.Value,L3_1m_1y;90
G56_BT3316_TT1:HSI.Value,L3_1m_1y;90
G56_BT3316_TT3:HSI.Value,L3_1m_1y;90
G56_BT3316_TT4:HSI.Value,L3_1m_1y;90
G56_BT3316_VX1_TT1:HSI.Value,L3_1m_1y;90
G56_BT3316_VX1_TT2:HSI.Value,L3_1m_1y;90
G56_BT3316_TT2:HSI.Value,L3_1m_1y;90
G56_BT3316_ST1:HSI.Value,L3_1m_1y;90
G56_BT3316_SL3_KS1:IO_Value,L3_1m_1y;90
G56_BT3316_SL3_KS1:HSI.Value,L3_1m_1y;90
G56_BT3316_SL3:HSI.Value,L3_1m_1y;90
G56_BT3316_SL1_KS1:IO_Value,L3_1m_1y;90
G56_BT3316_SL1_KS1:HSI.Value,L3_1m_1y;90
G56_BT3316_SL1:HSI.Value,L3_1m_1y;90
G56_BT3316_SL2_KS1:HSI.Value,L3_1m_1y;90
G56_BT3316_SL2_KS1:IO_Value,L3_1m_1y;90
G56_BT3316_SL2:HSI.Value,L3_1m_1y;90
G56_BT3316_VM1:Status.Power,L3_1m_1y;90
G56_BT3316_VM1:IO.Data.PowerFactorCosPhi,L3_1m_1y;90
G56_BT3316_VM1:IO.Data.ThermalImage,L3_1m_1y;90
G56_BT3316_WX1:HSI.Value,L3_1m_1y;90
G56_BT3316_WX1:HSI.MV,L3_1m_1y;90
G56_BT3316_WX1:HSI.POut,L3_1m_1y;90
G56_BT3316_WX1:HSI.WSP,L3_1m_1y;90
G56_BT3316_WX1:ExtCtrl.SPL,L3_1m_1y;90
G56_BT3316_WX1:HSI.Value,L3_1m_1y;90
G56_BT3316_WC1_MAX:HSI.Value,L3_1m_1y;90
G56_BT3316_WC1_Par1:I2,L3_1m_1y;90
G56_BT3316_WC1_Par1:I3,L3_1m_1y;90
G56_BT3316_WC1_Par1:I5,L3_1m_1y;90
G56_BT3316_WC1_Par3:I5,L3_1m_1y;90
G56_BT3316_WC1_Par3:I1,L3_1m_1y;90
G56_BT3316_WC1_Par3:I2,L3_1m_1y;90
G56_BT3316_WC1_Par3:I3,L3_1m_1y;90
G56_BT3316_WC1_Par3:I4,L3_1m_1y;90
G56_BT3316_WC1_Par3:I10,L3_1m_1y;90
G56_BT3316_WC1_Par4:P.P2,L3_1m_1y;90
G56_BT3316_WC1_Par4:P.P3,L3_1m_1y;90
G56_BT3316_WC1_Par4:P.P4,L3_1m_1y;90
G56_BT3316_WC1_Par4:P.P5,L3_1m_1y;90
G56_BT3316_WC1_Sel:HSI.I2.O,L3_1m_1y;90
G56_BT3316_WC1_Par5:HSI.P.P1,L3_1m_1y;90
G56_BT3316_WC1_Par5:HSI.P.P2,L3_1m_1y;90
G56_BT3316_WC1_Par5:HSI.P.P3,L3_1m_1y;90
G56_BT3316_WC1_Par5:HSI.P.P4,L3_1m_1y;90
G56_BT3316_WC1_Par5:HSI.P.P5,L3_1m_1y;90
G56_BT3316_WC1_Par5:HSI.P.P6,L3_1m_1y;90
G56_BT3316_WC1_Par5:HSI.P.P7,L3_1m_1y;90
G56_BT3316_WC1_Par5:HSI.P.P8,L3_1m_1y;90
G56_BT3316_WQ1_SUM:I1,L3_1m_1y;90
G56_BT3316_WQ1_SUM:I7,L3_1m_1y;90
G56_BT3316_WQ1_SUM:Out,L3_1m_1y;90
G56_BT3316_WQ1_SUM2:I1,L2_1m_1y;90
G56_BT3316_WQ1_SUM2:I10,L2_1m_1y;90
G56_BT3316_WQ1_SUM2:I2,L2_1m_1y;90
G56_BT3316_WQ1_SUM2:I3,L2_1m_1y;90
G56_BT3316_WQ1_SUM2:I4,L2_1m_1y;90
G56_BT3316_WQ1_SUM2:I5,L2_1m_1y;90
G56_BT3316_WQ1_SUM2:I6,L2_1m_1y;90
G56_BT3316_WQ1_SUM2:I7,L2_1m_1y;90
G56_BT3316_WQ1_SUM2:I8,L2_1m_1y;90
G56_BT3316_WQ1_SUM2:I9,L2_1m_1y;90
G56_BT3316_JX1:HSI.Value,L3_1m_1y;90
G56_BT3316_FT1_HAST:HSI.Value,L3_1m_1y;90
G56_BT3316_FT1:HSI.Value,L3_1m_1y;90
G56_BT3316_FT1_BREDD:HSI.Value,L3_1m_1y;90
G56_BT3316_FT1_POS:HSI.Value,L3_1m_1y;90
G56_BT3316_FT1_SIGN:HSI.Value,L3_1m_1y;90
G56_BT3316_XV1:C.Value,L3_1m_1y;90
G56_BT3316_XV1:O.Value,L3_1m_1y;90
G56_BT3316_XV1:ZSO.Value,L3_1m_1y;90
G56_BT3316_XV1:ZSC.Value,L3_1m_1y;90
G56_BT3316_XV1:OPN,L3_1m_1y;90
G56_BT3316_WC2:HSI.MV,L3_1m_1y;90
G56_BT3316_WC2:HSI.WSP,L3_1m_1y;90
G56_BT3316_WC2:HSI.POut,L3_1m_1y;90
G56_BT3316_WX4:HSI.Value,L3_1m_1y;90
G56_PU3926:Status.Power,L3_1m_1y;90
G56_PU3926:Status.Torque,L3_1m_1y;90
G56_PU3926:Status.ActSpeed,L3_1m_1y;90
G56_PU3926:Status.SP_Out,L3_1m_1y;90
G56_PU3926_JC1:HSI.MV,L3_1m_1y;90
G56_PU3926_JC1:HSI.POut,L3_1m_1y;90
G56_PU3926_JC1:HSI.WSP,L3_1m_1y;90
G56_PU3925_PT1:HSI.Value,L3_1m_1y;90
G56_VM3805_TC1:HSI.MV,L3_1m_1y;90
G56_VM3805_TC1:HSI.POut,L3_1m_1y;90
G56_VM3805_TC1:HSI.WSP,L3_1m_1y;90
G56_VM3805_TV11:HSI.Value,L3_1m_1y;90
G56_VM3805_TV12:HSI.Value,L3_1m_1y;90
G56_VM3805_TV13:HSI.Value,L3_1m_1y;90
G56_VM3805_TV14:HSI.Value,L3_1m_1y;90
G56_VM3805_TT3:HSI.Value,L3_1m_1y;90
G56_PU3961:IO.KS.IOValue,L3_1m_1y;90
G56_PU3961_LT1:IOSignal.IOValue,L3_1m_1y;90
G56_VA9532_KL1_TT1:HSI.Value,L3_1m_1y;90
G56_VA9623_KL1_TT1:HSI.Value,L3_1m_1y;90
G56_PU3929_PT1:IOSignal.IOValue,L3_1m_1y;90
G56_PU3929_PT2:IOSignal.IOValue,L3_1m_1y;90
G56_KV3320_StopBook_Mode:HSI.Value,L3_1m_1y;90
AG2_MILLRUNNING:HSI.B1,L3_1m_1y;90
AG2_MOTORSPEEDACTUAL:Input,L3_1m_1y;90
AG2_EXCITATIONCURRRENT:Input,L3_1m_1y;90
AG2_MOTORREALPOWER:Input,L3_1m_1y;90
AG2_MOTORCURRENTURMS:Input,L3_1m_1y;90
AG2_MOTORCURRENTVRMS:Input,L3_1m_1y;90
AG2_MOTORCURRENTWRMS:Input,L3_1m_1y;90
AG2_MOTORSPEEDREFERENCE:Input,L3_1m_1y;90
AG2_MOTORVOLTAGERMS:Input,L3_1m_1y;90
AG2_ROTOREARTHRESIST:Input,L3_1m_1y;90
AG2_STATOREARTHRESIST:Input,L3_1m_1y;90
AG2_LINEVOLTAGERMS:Input,L3_1m_1y;90
AG2_EXCITATIONVOLTAGE:Input,L3_1m_1y;90
AG2_AIRGAPSENSOR1:Input,L3_1m_1y;90
AG2_AIRGAPSENSOR2:Input,L3_1m_1y;90
AG2_AIRGAPSENSOR3:Input,L3_1m_1y;90
AG2_AIRGAPSENSOR4:Input,L3_1m_1y;90
AG2_AIRGAPSENSOR5:Input,L3_1m_1y;90
AG2_AIRGAPSENSOR6:Input,L3_1m_1y;90
AG2_AIRGAPSENSOR7:Input,L3_1m_1y;90
AG2_AIRGAPSENSOR8:Input,L3_1m_1y;90
AG2_AIRGAPSENSOR9:Input,L3_1m_1y;90
AG2_AIRGAPSENSOR10:Input,L3_1m_1y;90
AG2_AIRGAPSENSOR11:Input,L3_1m_1y;90
AG2_AIRGAPSENSOR12:Input,L3_1m_1y;90
AG2_WATERCONDUCTIVITY:Input,L3_1m_1y;90
AG2_WATERFLOW:Input,L3_1m_1y;90
AG2_WATERLEVEL:Input,L3_1m_1y;90
AG2_WATERPRESSURE:Input,L3_1m_1y;90
AG2_INTWATERTEMPINLET:Input,L3_1m_1y;90
AG2_INTWATERTEMPOUTLET:Input,L3_1m_1y;90
AG2_EXTWATERTEMPINLET:Input,L3_1m_1y;90
AG2_EXTWATERTEMPOUTLET:Input,L3_1m_1y;90
AG2_MOTORSPEED_NX:Input,L3_1m_1y;90
G56_HA3370_TT1:HSI.Value,L3_1m_1y;90
G56_PU3371_PT1:HSI.Value,L3_1m_1y;90
G56_PU3371:Status.Power,L3_1m_1y;90
G56_PU3371:IO.Data.PowerFactorCosPhi,L3_1m_1y;90
G56_PU3371:IO.Data.ThermalImage,L3_1m_1y;90
G56_BR3373_PT1:HSI.Value,L3_1m_1y;90
G56_BR3374_PT1:HSI.Value,L3_1m_1y;90
G56_FL3330:Status.Power,L3_1m_1y;90
G56_FL3330:IO.Data.PowerFactorCosPhi,L3_1m_1y;90
G56_FL3330:IO.Data.ThermalImage,L3_1m_1y;90
G56_FL3331:Status.Power,L3_1m_1y;90
G56_FL3331:IO.Data.PowerFactorCosPhi,L3_1m_1y;90
G56_FL3331:IO.Data.ThermalImage,L3_1m_1y;90
G56_FL3332:Status.Power,L3_1m_1y;90
G56_FL3332:IO.Data.PowerFactorCosPhi,L3_1m_1y;90
G56_FL3332:IO.Data.ThermalImage,L3_1m_1y;90
G56_FL3333:Status.Power,L3_1m_1y;90
G56_FL3333:IO.Data.PowerFactorCosPhi,L3_1m_1y;90
G56_FL3333:IO.Data.ThermalImage,L3_1m_1y;90
G56_FL3334:Status.Power,L3_1m_1y;90
G56_FL3334:IO.Data.PowerFactorCosPhi,L3_1m_1y;90
G56_FL3334:IO.Data.ThermalImage,L3_1m_1y;90
G56_FL3335:Status.Power,L3_1m_1y;90
G56_FL3335:IO.Data.PowerFactorCosPhi,L3_1m_1y;90
G56_FL3335:IO.Data.ThermalImage,L3_1m_1y;90
G56_FL3336:Status.Power,L3_1m_1y;90
G56_FL3336:IO.Data.PowerFactorCosPhi,L3_1m_1y;90
G56_FL3336:IO.Data.ThermalImage,L3_1m_1y;90
G56_FL3337:Status.Power,L3_1m_1y;90
G56_FL3337:IO.Data.PowerFactorCosPhi,L3_1m_1y;90
G56_FL3337:IO.Data.ThermalImage,L3_1m_1y;90
G56_KV3320_MO1_CM:G56_KV3320_MO1_TT_90C,L3_1m_1y;90
G56_KV3320_MO1_AT1:HSI.Value,L3_1m_1y;90
G56_KV3320_MO1_AT2:HSI.Value,L3_1m_1y;90
G56_KV3320_MO1_TT1:HSI.Value,L3_1m_1y;90
G56_KV3320_MO1_TT2:HSI.Value,L3_1m_1y;90
G56_KV3320_MO1_TT3:HSI.Value,L3_1m_1y;90
G56_KV3320_MO1_TT4:HSI.Value,L3_1m_1y;90
G56_KV3320_MO1_TT5:HSI.Value,L3_1m_1y;90
G56_KV3320_MO1_TT6:HSI.Value,L3_1m_1y;90
G56_KV3320_MO1_TT7:HSI.Value,L3_1m_1y;90
G56_KV3320_MO1_TT8:HSI.Value,L3_1m_1y;90
G56_KV3320_MO1_TT9:HSI.Value,L3_1m_1y;90
G56_KV3320_MO1_TT10:HSI.Value,L3_1m_1y;90
G56_KV3320_MO1_TT11:HSI.Value,L3_1m_1y;90
G56_KV3320_MO1_TT12:HSI.Value,L3_1m_1y;90
G56_KV3320_MO1_TT13:HSI.Value,L3_1m_1y;90
G56_KV3320_MO1_TT14:HSI.Value,L3_1m_1y;90
G56_KV3320_MO1_TT15:HSI.Value,L3_1m_1y;90
G56_KV3320_MO1_TT16:HSI.Value,L3_1m_1y;90
G56_KV3320_MO1_TT17:HSI.Value,L3_1m_1y;90
G56_KV3320_MO1_TT18:HSI.Value,L3_1m_1y;90
G56_KV3320_MO1_TT19:HSI.Value,L3_1m_1y;90
G56_KV3320_MO1_TT20:HSI.Value,L3_1m_1y;90
G56_KV3320_VM1_6:Status.Power,L3_1m_1y;90
G56_KV3320_VM1_6:IO.Data.PowerFactorCosPhi,L3_1m_1y;90
G56_KV3320_VM1_6:IO.Data.ThermalImage,L3_1m_1y;90
G56_PU3325:Status.Power,L3_1m_1y;90
G56_PU3325:IO.Data.PowerFactorCosPhi,L3_1m_1y;90
G56_PU3325:IO.Data.ThermalImage,L3_1m_1y;90
G56_PU3326:Status.Power,L3_1m_1y;90
G56_PU3326:IO.Data.PowerFactorCosPhi,L3_1m_1y;90
G56_PU3326:IO.Data.ThermalImage,L3_1m_1y;90
G56_S07M24_TT1:HSI.Value,L3_1m_1y;90
G56_VM3340_SLM1:HSI.Value,L3_1m_1y;90
G56_VM3340_SLM1:IO.IOValue,L3_1m_1y;90
G56_VM3340_SLM1:IO_Value,L3_1m_1y;90
G56_VM3342_SLM1:HSI.Value,L3_1m_1y;90
G56_VM3342_SLM1:IO.IOValue,L3_1m_1y;90
G56_VM3342_SLM1:IO_Value,L3_1m_1y;90
AG2_DCS_MOTORTORQUE:Input,L3_1m_1y;90
G56_PU3395:Status.Power,L3_1m_1y;90
G56_PU3395:IO.Data.PowerFactorCosPhi,L3_1m_1y;90
G56_PU3395:IO.Data.ThermalImage,L3_1m_1y;90
G56_PU3395_PDT1:HSI.Value,L3_1m_1y;90
G56_PU3395_FT1:HSI.Value,L3_1m_1y;90
G56_PU3396:Status.Power,L3_1m_1y;90
G56_PU3396:IO.Data.PowerFactorCosPhi,L3_1m_1y;90
G56_PU3396:IO.Data.ThermalImage,L3_1m_1y;90
G56_PU3386:Status.Power,L3_1m_1y;90
G56_PU3386:IO.Data.PowerFactorCosPhi,L3_1m_1y;90
G56_PU3386:IO.Data.ThermalImage,L3_1m_1y;90
G56_PU3386_PDT1:HSI.Value,L3_1m_1y;90
G56_PU3387:Status.Power,L3_1m_1y;90
G56_PU3387:IO.Data.PowerFactorCosPhi,L3_1m_1y;90
G56_PU3387:IO.Data.ThermalImage,L3_1m_1y;90
G56_PU3388:Status.Power,L3_1m_1y;90
G56_PU3388:IO.Data.PowerFactorCosPhi,L3_1m_1y;90
G56_PU3388:IO.Data.ThermalImage,L3_1m_1y;90
G56_PU3388_PDT1:HSI.Value,L3_1m_1y;90
G56_PU3389:Status.Power,L3_1m_1y;90
G56_PU3389:IO.Data.PowerFactorCosPhi,L3_1m_1y;90
G56_PU3389:IO.Data.ThermalImage,L3_1m_1y;90
G56_PU3389_PDT1:HSI.Value,L3_1m_1y;90
G56_PU3390:Status.Power,L3_1m_1y;90
G56_PU3390:IO.Data.PowerFactorCosPhi,L3_1m_1y;90
G56_PU3390:IO.Data.ThermalImage,L3_1m_1y;90
G56_PU3391:Status.Power,L3_1m_1y;90
G56_PU3391:IO.Data.PowerFactorCosPhi,L3_1m_1y;90
G56_PU3391:IO.Data.ThermalImage,L3_1m_1y;90
G56_PU3392:Status.Power,L3_1m_1y;90
G56_PU3392:IO.Data.PowerFactorCosPhi,L3_1m_1y;90
G56_PU3392:IO.Data.ThermalImage,L3_1m_1y;90
G56_PU3393:Status.Power,L3_1m_1y;90
G56_PU3393:IO.Data.PowerFactorCosPhi,L3_1m_1y;90
G56_PU3393:IO.Data.ThermalImage,L3_1m_1y;90
G56_PU3393_PT1:HSI.Value,L3_1m_1y;90
G56_PU3393_PT2:HSI.Value,L3_1m_1y;90
G56_PU3394:Status.Power,L3_1m_1y;90
G56_PU3394:IO.Data.PowerFactorCosPhi,L3_1m_1y;90
G56_PU3394:IO.Data.ThermalImage,L3_1m_1y;90
G56_SA3385_TT1:HSI.Value,L3_1m_1y;90
G56_SA3385_TT2:HSI.Value,L3_1m_1y;90
G56_KV3320_LA1_FT1:HSI.Value,L3_1m_1y;90
G56_KV3320_LA1_FT2:HSI.Value,L3_1m_1y;90
G56_KV3320_LA1_TT1:HSI.Value,L3_1m_1y;90
G56_KV3320_LA1_TT1:IOSignal.IOValue,L3_1m_1y;90
G56_KV3320_LA1_TT2:HSI.Value,L3_1m_1y;90
G56_KV3320_LA2_FT1:HSI.Value,L3_1m_1y;90
G56_KV3320_LA2_FT2:HSI.Value,L3_1m_1y;90
G56_KV3320_LA2_TT1:HSI.Value,L3_1m_1y;90
G56_KV3320_LA2_TT2:HSI.Value,L3_1m_1y;90
G56_KV3320_LA3_FT1:HSI.Value,L3_1m_1y;90
G56_KV3320_LA3_PT1:HSI.Value,L3_1m_1y;90
G56_KV3320_LA3_TT1:HSI.Value,L3_1m_1y;90
G56_KV3320_LA3_TT2:HSI.Value,L3_1m_1y;90
G56_KV3320_LA3_FT11:HSI.Value,L3_1m_1y;90
G56_KV3320_LA3_PT11:HSI.Value,L3_1m_1y;90
G56_KV3320_LA4_FT1:HSI.Value,L3_1m_1y;90
G56_KV3320_LA4_PT1:HSI.Value,L3_1m_1y;90
G56_KV3320_LA4_TT1:HSI.Value,L3_1m_1y;90
G56_KV3320_LA4_TT2:HSI.Value,L3_1m_1y;90
G56_KV3320_LA4_FT11:HSI.Value,L3_1m_1y;90
G56_KV3320_LA4_PT11:HSI.Value,L3_1m_1y;90
G56_KV3320_LA5_FT1:HSI.Value,L3_1m_1y;90
G56_KV3320_LA5_PT1:HSI.Value,L3_1m_1y;90
G56_KV3320_LA5_TT1:HSI.Value,L3_1m_1y;90
G56_KV3320_LA5_TT2:HSI.Value,L3_1m_1y;90
G56_KV3320_LA5_FT11:HSI.Value,L3_1m_1y;90
G56_KV3320_LA5_PT11:HSI.Value,L3_1m_1y;90
G56_KV3320_LA6_FT1:HSI.Value,L3_1m_1y;90
G56_KV3320_LA6_PT1:HSI.Value,L3_1m_1y;90
G56_KV3320_LA6_TT1:HSI.Value,L3_1m_1y;90
G56_KV3320_LA6_TT2:HSI.Value,L3_1m_1y;90
G56_KV3320_LA6_FT11:HSI.Value,L3_1m_1y;90
G56_KV3320_LA6_PT11:HSI.Value,L3_1m_1y;90
G56_KV3320_LA7_FT1:HSI.Value,L3_1m_1y;90
G56_KV3320_LA7_PT1:HSI.Value,L3_1m_1y;90
G56_KV3320_LA7_TT1:HSI.Value,L3_1m_1y;90
G56_KV3320_LA7_TT2:HSI.Value,L3_1m_1y;90
G56_KV3320_LA7_FT11:HSI.Value,L3_1m_1y;90
G56_KV3320_LA7_PT11:HSI.Value,L3_1m_1y;90
G56_KV3320_LA8_FT1:HSI.Value,L3_1m_1y;90
G56_KV3320_LA8_PT1:HSI.Value,L3_1m_1y;90
G56_KV3320_LA8_TT1:HSI.Value,L3_1m_1y;90
G56_KV3320_LA8_TT2:HSI.Value,L3_1m_1y;90
G56_KV3320_LA8_FT11:HSI.Value,L3_1m_1y;90
G56_KV3320_LA8_PT11:HSI.Value,L3_1m_1y;90
G56_KV3320_LA9_FT1:HSI.Value,L3_1m_1y;90
G56_KV3320_LA9_PT1:HSI.Value,L3_1m_1y;90
G56_KV3320_LA9_TT1:HSI.Value,L3_1m_1y;90
G56_KV3320_LA9_TT2:HSI.Value,L3_1m_1y;90
G56_KV3320_LA9_FT11:HSI.Value,L3_1m_1y;90
G56_KV3320_LA9_PT11:HSI.Value,L3_1m_1y;90
G56_PU3395_TC1:HSI.MV,L3_1m_1y;90
G56_PU3395_TC1:HSI.POut,L3_1m_1y;90
G56_PU3395_TC1:HSI.WSP,L3_1m_1y;90
G56_PU3395_TT1:HSI.Value,L3_1m_1y;90
G56_KV3320_LA10_FT1:HSI.Value,L3_1m_1y;90
G56_KV3320_LA10_PT1:HSI.Value,L3_1m_1y;90
G56_KV3320_LA10_TT1:HSI.Value,L3_1m_1y;90
G56_KV3320_LA10_TT2:HSI.Value,L3_1m_1y;90
G56_KV3320_LA10_FT11:HSI.Value,L3_1m_1y;90
G56_KV3320_LA10_PT11:HSI.Value,L3_1m_1y;90
G56_SA3385_VM1_2:Status.Power,L3_1m_1y;90
G56_SA3385_VM1_2:IO.Data.PowerFactorCosPhi,L3_1m_1y;90
G56_SA3385_VM1_2:IO.Data.ThermalImage,L3_1m_1y;90
G56_SA3385_VM3_5:Status.Power,L3_1m_1y;90
G56_SA3385_VM3_5:IO.Data.PowerFactorCosPhi,L3_1m_1y;90
G56_SA3385_VM3_5:IO.Data.ThermalImage,L3_1m_1y;90
G56_KV3320_T1_TT1:HSI.Value,L3_1m_1y;90
G56_KV3320_T1_TT2:HSI.Value,L3_1m_1y;90
G56_KV3320_T1_TT3:HSI.Value,L3_1m_1y;90
G56_KV3320_T1_TT4:HSI.Value,L3_1m_1y;90
G56_KV3320_T1_TT5:HSI.Value,L3_1m_1y;90
G56_KV3320_T1_TT6:HSI.Value,L3_1m_1y;90
G56_KV3320_T1_TT7:HSI.Value,L3_1m_1y;90
G56_KV3320_T1_TT8:HSI.Value,L3_1m_1y;90
G56_KV3320_T1_TT9:HSI.Value,L3_1m_1y;90
G56_KV3320_T1_TT10:HSI.Value,L3_1m_1y;90
G56_KV3320_T1_TT11:HSI.Value,L3_1m_1y;90
G56_KV3320_T1_TT12:HSI.Value,L3_1m_1y;90
G56_KV3320_T1_TT13:HSI.Value,L3_1m_1y;90
G56_KV3320_T1_TT14:HSI.Value,L3_1m_1y;90
G56_KV3320_T1_PDT1:HSI.Value,L3_1m_1y;90
G56_KV3320_T2_TT4:HSI.Value,L3_1m_1y;90
G56_KV3320_T2_TT1:HSI.Value,L3_1m_1y;90
G56_KV3320_T2_TT2:HSI.Value,L3_1m_1y;90
G56_KV3320_T2_TT3:HSI.Value,L3_1m_1y;90
G56_KV3320_T2_TT14:HSI.Value,L3_1m_1y;90
G56_KV3320_T2_PDT1:HSI.Value,L3_1m_1y;90
G56_KV3320_T2_TT5:HSI.Value,L3_1m_1y;90
G56_KV3320_T2_TT6:HSI.Value,L3_1m_1y;90
G56_KV3320_T2_TT7:HSI.Value,L3_1m_1y;90
G56_KV3320_T2_TT8:HSI.Value,L3_1m_1y;90
G56_KV3320_T2_TT9:HSI.Value,L3_1m_1y;90
G56_KV3320_T2_TT10:HSI.Value,L3_1m_1y;90
G56_KV3320_T2_TT11:HSI.Value,L3_1m_1y;90
G56_KV3320_T2_TT12:HSI.Value,L3_1m_1y;90
G56_KV3320_T2_TT13:HSI.Value,L3_1m_1y;90
G56_KV3320_T3_TT14:HSI.Value,L3_1m_1y;90
G56_KV3320_T3_TT4:HSI.Value,L3_1m_1y;90
G56_KV3320_T3_PDT1:HSI.Value,L3_1m_1y;90
G56_KV3320_T3_TT5:HSI.Value,L3_1m_1y;90
G56_KV3320_T3_TT6:HSI.Value,L3_1m_1y;90
G56_KV3320_T3_TT7:HSI.Value,L3_1m_1y;90
G56_KV3320_T3_TT8:HSI.Value,L3_1m_1y;90
G56_KV3320_T3_TT9:HSI.Value,L3_1m_1y;90
G56_KV3320_T3_TT10:HSI.Value,L3_1m_1y;90
G56_KV3320_T3_TT11:HSI.Value,L3_1m_1y;90
G56_KV3320_T3_TT1:HSI.Value,L3_1m_1y;90
G56_KV3320_T3_TT12:HSI.Value,L3_1m_1y;90
G56_KV3320_T3_TT2:HSI.Value,L3_1m_1y;90
G56_KV3320_T3_TT13:HSI.Value,L3_1m_1y;90
G56_KV3320_T3_TT3:HSI.Value,L3_1m_1y;90
G56_KV3320_AT1:HSI.Value,L3_1m_1y;90
G56_KV3420_WC2:HSI.MV,L3_1m_1y;90
G56_KV3420_WC2:HSI.POut,L3_1m_1y;90
G56_KV3420_WC2:HSI.WSP,L3_1m_1y;90
G56_KV3420_MO2_JX1:HSI.Value,L3_1m_1y;90
G56_KV3420_MO1_JX1:HSI.Value,L3_1m_1y;90
G56_KV3420_AX1:HSI.Value,L3_1m_1y;90
G56_KV3420_SQ1:I1,L3_1m_1y;90
G56_KV3420_SQ1:I2,L3_1m_1y;90
G56_ST3400_XV1:C.Value,L3_1m_1y;90
G56_ST3400_XV1:O.Value,L3_1m_1y;90
G56_ST3400_XV1:ZSO.Value,L3_1m_1y;90
G56_ST3400_XV1:ZSC.Value,L3_1m_1y;90
G56_ST3400_XV1_PAR5:P.P2,L3_1m_1y;90
G56_ST3400_XV1_PAR5:P.P3,L3_1m_1y;90
G56_ST3400_XV1_PAR5:P.P4,L3_1m_1y;90
G56_KV3420_MO1_TT1:HSI.Value,L3_1m_1y;90
G56_KV3420_MO1_TT11:HSI.Value,L3_1m_1y;90
G56_KV3420_MO1_TT12:HSI.Value,L3_1m_1y;90
G56_KV3420_MO1_TT13:HSI.Value,L3_1m_1y;90
G56_KV3420_MO1_TT14:HSI.Value,L3_1m_1y;90
G56_KV3420_MO1_TT2:HSI.Value,L3_1m_1y;90
G56_KV3420_MO1_TT3:HSI.Value,L3_1m_1y;90
G56_KV3420_MO2_TT1:HSI.Value,L3_1m_1y;90
G56_KV3420_MO2_TT11:HSI.Value,L3_1m_1y;90
G56_KV3420_MO2_TT12:HSI.Value,L3_1m_1y;90
G56_KV3420_MO2_TT13:HSI.Value,L3_1m_1y;90
G56_KV3420_MO2_TT14:HSI.Value,L3_1m_1y;90
G56_KV3420_MO2_TT2:HSI.Value,L3_1m_1y;90
G56_KV3420_MO2_TT3:HSI.Value,L3_1m_1y;90
G56_KV3420_RUN:HSI.Value,L3_1m_1y;90
G56_KV3420_RUN:HSI.MV,L3_1m_1y;90
G56_KV3420_MC1:HSI.MV,L3_1m_1y;90
G56_KV3420_MC1:HSI.POut,L3_1m_1y;90
G56_KV3420_MC1:HSI.WSP,L3_1m_1y;90
G56_KV3420_MC1:HSI.MV,L1_1s_4d;90
G56_KV3420_MX1:HSI.Value,L3_1m_1y;90
G56_KV3420_MX2:HSI.Value,L3_1m_1y;90
G56_KV3420_MO1_MX1:HSI.Value,L3_1m_1y;90
G56_KV3420_MO2_MX1:HSI.Value,L3_1m_1y;90
G56_KV3420_JX1:HSI.Value,L3_1m_1y;90
G56_KV3420_KK1_TT1:HSI.Value,L3_1m_1y;90
G56_KV3420_KK1_TX1:HSI.Value,L3_1m_1y;90
G56_KV3420_KK1_TT2:HSI.Value,L3_1m_1y;90
G56_KV3420_KK1_TT2:IOSignal.IOValue,L3_1m_1y;90
G56_KV3420_KK1_TT3:HSI.Value,L3_1m_1y;90
G56_KV3420_KK1_TT3:IOSignal.IOValue,L3_1m_1y;90
G56_KV3420_KK1_TX2:HSI.Value,L3_1m_1y;90
G56_KV3420_KK1_TX3:HSI.Value,L3_1m_1y;90
G56_KV3420_KK2_TT1:HSI.Value,L3_1m_1y;90
G56_KV3420_KK2_TT2:HSI.Value,L3_1m_1y;90
G56_KV3420_KK2_TT3:HSI.Value,L3_1m_1y;90
G56_KV3420_KK2_TX1:HSI.Value,L3_1m_1y;90
G56_KV3420_KK2_TX2:HSI.Value,L3_1m_1y;90
G56_KV3420_KK2_TX3:HSI.Value,L3_1m_1y;90
G56_KV3420_LA1_FT1:HSI.Value,L3_1m_1y;90
G56_KV3420_LA1_FT2:HSI.Value,L3_1m_1y;90
G56_KV3420_LA1_FT3:HSI.Value,L3_1m_1y;90
G56_KV3420_LA1_FT4:HSI.Value,L3_1m_1y;90
G56_KV3420_LA1_TT1:HSI.Value,L3_1m_1y;90
G56_KV3420_LA1_TT2:HSI.Value,L3_1m_1y;90
G56_KV3420_LA1_TT3:HSI.Value,L3_1m_1y;90
G56_KV3420_LA1_FT11:HSI.Value,L3_1m_1y;90
G56_KV3420_LA1_FT12:HSI.Value,L3_1m_1y;90
G56_KV3420_LA1_FT13:HSI.Value,L3_1m_1y;90
G56_KV3420_LA1_FT14:HSI.Value,L3_1m_1y;90
G56_KV3420_LA1_FT14:HSI.Value,L3_1m_1y;90
G56_KV3420_LA2_FT2:HSI.Value,L3_1m_1y;90
G56_KV3420_LA2_FT3:HSI.Value,L3_1m_1y;90
G56_KV3420_LA2_FT4:HSI.Value,L3_1m_1y;90
G56_KV3420_LA2_TT1:HSI.Value,L3_1m_1y;90
G56_KV3420_LA2_TT2:HSI.Value,L3_1m_1y;90
G56_KV3420_LA2_TT3:HSI.Value,L3_1m_1y;90
G56_KV3420_LA2_TT4:HSI.Value,L3_1m_1y;90
G56_KV3420_LA2_FT11:HSI.Value,L3_1m_1y;90
G56_KV3420_LA2_FT12:HSI.Value,L3_1m_1y;90
G56_KV3420_LA2_FT13:HSI.Value,L3_1m_1y;90
G56_KV3420_LA2_FT14:HSI.Value,L3_1m_1y;90
G56_KV3420_LA3_FT1:HSI.Value,L3_1m_1y;90
G56_KV3420_LA3_TT1:HSI.Value,L3_1m_1y;90
G56_KV3420_LA3_TT1:IOSignal.IOValue,L3_1m_1y;90
G56_KV3420_LA4_FT1:HSI.Value,L3_1m_1y;90
G56_KV3420_LA4_TT1:HSI.Value,L3_1m_1y;90
G56_KV3420_LA4_TT1:IOSignal.IOValue,L3_1m_1y;90
G56_KV3420_LA5_FT1:HSI.Value,L3_1m_1y;90
G56_KV3420_LA5_TT1:HSI.Value,L3_1m_1y;90
G56_KV3420_LA6_FT1:HSI.Value,L3_1m_1y;90
G56_KV3420_LA6_TT1:HSI.Value,L3_1m_1y;90
G56_KV3420_S11:Value,L3_1m_1y;90
G56_KV3420_SC1:HSI.MV,L3_1m_1y;90
G56_KV3420_SC1:HSI.POut,L3_1m_1y;90
G56_KV3420_VM1_TT1:HSI.Value,L3_1m_1y;90
G56_KV3420_VM1:Status.Power,L3_1m_1y;90
G56_KV3420_VM1:IO.Data.PowerFactorCosPhi,L3_1m_1y;90
G56_KV3420_VM1:IO.Data.ThermalImage,L3_1m_1y;90
G56_KV3420_VM1_TT2:HSI.Value,L3_1m_1y;90
G56_KV3420_VM2_TT1:HSI.Value,L3_1m_1y;90
G56_KV3420_VM2:Status.Power,L3_1m_1y;90
G56_KV3420_VM2:IO.Data.PowerFactorCosPhi,L3_1m_1y;90
G56_KV3420_VM2:IO.Data.ThermalImage,L3_1m_1y;90
G56_KV3420_VM2_TT2:HSI.Value,L3_1m_1y;90
G56_KV3420_VM3_TT1:HSI.Value,L3_1m_1y;90
G56_KV3420_VM3:Status.Power,L3_1m_1y;90
G56_KV3420_VM3:IO.Data.PowerFactorCosPhi,L3_1m_1y;90
G56_KV3420_VM3:IO.Data.ThermalImage,L3_1m_1y;90
G56_KV3420_VM3_TT2:HSI.Value,L3_1m_1y;90
G56_KV3420_VM4_TT1:HSI.Value,L3_1m_1y;90
G56_KV3420_VM4:Status.Power,L3_1m_1y;90
G56_KV3420_VM4:IO.Data.PowerFactorCosPhi,L3_1m_1y;90
G56_KV3420_VM4:IO.Data.ThermalImage,L3_1m_1y;90
G56_KV3420_VM4_TT2:HSI.Value,L3_1m_1y;90
G56_KV3420_VX1_TT1:HSI.Value,L3_1m_1y;90
G56_KV3420_VX1_TT2:HSI.Value,L3_1m_1y;90
G56_KV3420_VX1_TT3:HSI.Value,L3_1m_1y;90
G56_KV3420_VX1_TT4:HSI.Value,L3_1m_1y;90
G56_KV3420_VX1_TT5:HSI.Value,L3_1m_1y;90
G56_KV3420_VX1_TT5:HSI.Value,L3_1m_1y;90
G56_KV3420_VX2_TT1:HSI.Value,L3_1m_1y;90
G56_KV3420_VX2_TT2:HSI.Value,L3_1m_1y;90
G56_KV3420_VX2_TT3:HSI.Value,L3_1m_1y;90
G56_KV3420_VX2_TT4:HSI.Value,L3_1m_1y;90
G56_KV3420_VX2_TT5:HSI.Value,L3_1m_1y;90
G56_KV3420_VX2_TT6:HSI.Value,L3_1m_1y;90
G56_KV3420_WX1:HSI.Value,L3_1m_1y;90
G56_SA3423_ZS1:HSI.Value,L3_1m_1y;90
G56_SA3423_ZS1:IO_Value,L3_1m_1y;90
G56_SA3425_TT1:HSI.Value,L3_1m_1y;90
G56_SA3425_TT2:HSI.Value,L3_1m_1y;90
G56_PU3426_PDT1:HSI.Value,L3_1m_1y;90
G56_PU3426:Status.Power,L3_1m_1y;90
G56_PU3426:IO.Data.PowerFactorCosPhi,L3_1m_1y;90
G56_PU3426:IO.Data.ThermalImage,L3_1m_1y;90
G56_PU3426_TC1:HSI.MV,L3_1m_1y;90
G56_PU3426_TC1:HSI.POut,L3_1m_1y;90
G56_PU3426_TC1:HSI.WSP,L3_1m_1y;90
G56_PU3426_TT1:HSI.Value,L3_1m_1y;90
G56_PU3427:Status.Power,L3_1m_1y;90
G56_PU3427:IO.Data.PowerFactorCosPhi,L3_1m_1y;90
G56_PU3427:IO.Data.ThermalImage,L3_1m_1y;90
G56_PU3428_PDT1:HSI.Value,L3_1m_1y;90
G56_PU3428:Status.Power,L3_1m_1y;90
G56_PU3428:IO.Data.PowerFactorCosPhi,L3_1m_1y;90
G56_PU3428:IO.Data.ThermalImage,L3_1m_1y;90
G56_PU3428_PT1:HSI.Value,L3_1m_1y;90
G56_PU3428_PT11:HSI.Value,L3_1m_1y;90
G56_PU3429:Status.Power,L3_1m_1y;90
G56_PU3429:IO.Data.PowerFactorCosPhi,L3_1m_1y;90
G56_PU3429:IO.Data.ThermalImage,L3_1m_1y;90
G56_PU3430_PDT1:HSI.Value,L3_1m_1y;90
G56_PU3430:Status.Power,L3_1m_1y;90
G56_PU3430:IO.Data.PowerFactorCosPhi,L3_1m_1y;90
G56_PU3430:IO.Data.ThermalImage,L3_1m_1y;90
G56_PU3430_PT1:HSI.Value,L3_1m_1y;90
G56_PU3430_PT11:HSI.Value,L3_1m_1y;90
G56_PU3431_PDT1:HSI.Value,L3_1m_1y;90
G56_PU3431:Status.Power,L3_1m_1y;90
G56_PU3431:IO.Data.PowerFactorCosPhi,L3_1m_1y;90
G56_PU3431:IO.Data.ThermalImage,L3_1m_1y;90
G56_PU3432:Status.Power,L3_1m_1y;90
G56_PU3432:IO.Data.PowerFactorCosPhi,L3_1m_1y;90
G56_PU3432:IO.Data.ThermalImage,L3_1m_1y;90
G56_PU3436_FT1:HSI.Value,L3_1m_1y;90
G56_PU3436:Status.Power,L3_1m_1y;90
G56_PU3436:IO.Data.PowerFactorCosPhi,L3_1m_1y;90
G56_PU3436:IO.Data.ThermalImage,L3_1m_1y;90
G56_PU3436_PDT1:HSI.Value,L3_1m_1y;90
G56_PU3436_PT2:HSI.Value,L3_1m_1y;90
G56_PU3436_TT1:HSI.Value,L3_1m_1y;90
G56_SA3440_TT1:HSI.Value,L3_1m_1y;90
G56_PU3437:Status.Power,L3_1m_1y;90
G56_PU3437:IO.Data.PowerFactorCosPhi,L3_1m_1y;90
G56_PU3437:IO.Data.ThermalImage,L3_1m_1y;90
G56_PU3438_FT1:HSI.Value,L3_1m_1y;90
G56_PU3438:Status.Power,L3_1m_1y;90
G56_PU3438:IO.Data.PowerFactorCosPhi,L3_1m_1y;90
G56_PU3438:IO.Data.ThermalImage,L3_1m_1y;90
G56_PU3438_PDT1:HSI.Value,L3_1m_1y;90
G56_PU3438_PT2:HSI.Value,L3_1m_1y;90
G56_PU3438_TT1:HSI.Value,L3_1m_1y;90
G56_SA3441_TT1:HSI.Value,L3_1m_1y;90
G56_PU3439:Status.Power,L3_1m_1y;90
G56_PU3439:IO.Data.PowerFactorCosPhi,L3_1m_1y;90
G56_PU3439:IO.Data.ThermalImage,L3_1m_1y;90
G56_SA3425_VM1:Status.Power,L3_1m_1y;90
G56_SA3425_VM1:IO.Data.PowerFactorCosPhi,L3_1m_1y;90
G56_SA3425_VM1:IO.Data.ThermalImage,L3_1m_1y;90
G56_SA3425_VM3:Status.Power,L3_1m_1y;90
G56_SA3425_VM3:IO.Data.PowerFactorCosPhi,L3_1m_1y;90
G56_SA3425_VM3:IO.Data.ThermalImage,L3_1m_1y;90
G56_KV3420_SX1:HSI.Value,L3_1m_1y;90
G56_KV3420_SX1:HSI.Value,L1_1s_4d;90
G56_KV3420_RPM_SX1:HSI.Value,L3_1m_1y;90
G56_KV3420_RPM_SX1:HSI.MV,L3_1m_1y;90
G56_KV3420_WC1:HSI.MV,L3_1m_1y;90
G56_KV3420_WC1:HSI.POut,L3_1m_1y;90
G56_KV3420_WC1:HSI.WSP,L3_1m_1y;90
G56_KV3420_WC1:HSI.MV,L1_1s_4d;90
G56_PU4670_FT3:HSI.Value,L3_1m_1y;90
G56_PU4670:Status.Power,L3_1m_1y;90
G56_PU4670:Status.Torque,L3_1m_1y;90
G56_PU4670:Status.ActSpeed,L3_1m_1y;90
G56_PU4670:Status.SP_Out,L3_1m_1y;90
G56_BL4668:Status.Power,L3_1m_1y;90
G56_BL4668:Status.Torque,L3_1m_1y;90
G56_BL4668:Status.ActSpeed,L3_1m_1y;90
G56_BL4668:Status.SP_Out,L3_1m_1y;90
G56_VM3805_FT1:HSI.Value,L3_1m_1y;90
